# SYNTHETIC analytic fixture, NOT hardware data; screen +y down
60 0
59.8715353943 3.92418775381
59.4866916824 7.8315715332
58.8471168242 11.705419321
57.9555495773 15.5291427062
56.8158077697 19.2863679182
55.4327719507 22.9610059419
53.812364492 26.5373214131
51.9615242271 30
49.8881767382 33.3342139812
47.6012004175 36.5256857405
45.1103884487 39.560748906
42.4264068712 42.4264068712
39.560748906 45.1103884487
36.5256857405 47.6012004175
33.3342139812 49.8881767382
30 51.9615242271
26.5373214131 53.812364492
22.9610059419 55.4327719507
19.2863679182 56.8158077697
15.5291427062 57.9555495773
11.705419321 58.8471168242
7.8315715332 59.4866916824
3.92418775381 59.8715353943
3.67394039744e-15 60
-3.92418775381 59.8715353943
-7.8315715332 59.4866916824
-11.705419321 58.8471168242
-15.5291427062 57.9555495773
-19.2863679182 56.8158077697
-22.9610059419 55.4327719507
-26.5373214131 53.812364492
-30 51.9615242271
-33.3342139812 49.8881767382
-36.5256857405 47.6012004175
-39.560748906 45.1103884487
-42.4264068712 42.4264068712
-45.1103884487 39.560748906
-47.6012004175 36.5256857405
-49.8881767382 33.3342139812
-51.9615242271 30
-53.812364492 26.5373214131
-55.4327719507 22.9610059419
-56.8158077697 19.2863679182
-57.9555495773 15.5291427062
-58.8471168242 11.705419321
-59.4866916824 7.8315715332
-59.8715353943 3.92418775381
-60 7.34788079488e-15
-59.8715353943 -3.92418775381
-59.4866916824 -7.8315715332
-58.8471168242 -11.705419321
-57.9555495773 -15.5291427062
-56.8158077697 -19.2863679182
-55.4327719507 -22.9610059419
-53.812364492 -26.5373214131
-51.9615242271 -30
-49.8881767382 -33.3342139812
-47.6012004175 -36.5256857405
-45.1103884487 -39.560748906
-42.4264068712 -42.4264068712
-39.560748906 -45.1103884487
-36.5256857405 -47.6012004175
-33.3342139812 -49.8881767382
-30 -51.9615242271
-26.5373214131 -53.812364492
-22.9610059419 -55.4327719507
-19.2863679182 -56.8158077697
-15.5291427062 -57.9555495773
-11.705419321 -58.8471168242
-7.8315715332 -59.4866916824
-3.92418775381 -59.8715353943
-1.10218211923e-14 -60
3.92418775381 -59.8715353943
7.8315715332 -59.4866916824
11.705419321 -58.8471168242
15.5291427062 -57.9555495773
19.2863679182 -56.8158077697
22.9610059419 -55.4327719507
26.5373214131 -53.812364492
30 -51.9615242271
33.3342139812 -49.8881767382
36.5256857405 -47.6012004175
39.560748906 -45.1103884487
42.4264068712 -42.4264068712
45.1103884487 -39.560748906
47.6012004175 -36.5256857405
49.8881767382 -33.3342139812
51.9615242271 -30
53.812364492 -26.5373214131
55.4327719507 -22.9610059419
56.8158077697 -19.2863679182
57.9555495773 -15.5291427062
58.8471168242 -11.705419321
59.4866916824 -7.8315715332
59.8715353943 -3.92418775381
60 -1.46957615898e-14
